customer_id,customer_name,city,country,signup_date
1,Aarav Sharma,Chennai,India,2024-04-08
2,Aisha Sharma,Coimbatore,India,2024-10-24
3,Arjun Sharma,Delhi,India,2024-11-18
4,Ananya Sharma,Bengaluru,India,2024-09-28
5,Aditya Sharma,Madurai,India,2024-12-13
6,Diya Sharma,Pune,India,2024-08-27
7,Ishaan Sharma,Hyderabad,India,2025-01-31
8,Meera Sharma,Ahmedabad,India,2024-11-14
9,Rahul Sharma,Kochi,India,2024-12-27
10,Priya Sharma,Mumbai,India,2024-07-10
11,Vikram Sharma,Chennai,India,2024-10-29
12,Sneha Sharma,Coimbatore,India,2024-11-09
13,Karthik Sharma,Delhi,India,2025-05-03
14,Nisha Sharma,Bengaluru,India,2024-10-21
15,Rohan Sharma,Madurai,India,2025-03-26
16,Pooja Sharma,Pune,India,2024-04-04
17,Sanjay Sharma,Hyderabad,India,2025-01-06
18,Kavya Sharma,Ahmedabad,India,2025-02-21
19,Manoj Sharma,Kochi,India,2024-01-13
20,Divya Sharma,Mumbai,India,2025-01-11
21,Aarav Patel,Chennai,India,2025-08-16
22,Aisha Patel,Coimbatore,India,2025-04-11
23,Arjun Patel,Delhi,India,2024-10-18
24,Ananya Patel,Bengaluru,India,2024-12-09
25,Aditya Patel,Madurai,India,2024-04-10
26,Diya Patel,Pune,India,2025-01-20
27,Ishaan Patel,Hyderabad,India,2024-11-12
28,Meera Patel,Ahmedabad,India,2024-10-28
29,Rahul Patel,Kochi,India,2024-08-05
30,Priya Patel,Mumbai,India,2024-11-04
31,Vikram Patel,Chennai,India,2024-03-15
32,Sneha Patel,Coimbatore,India,2025-02-06
33,Karthik Patel,Delhi,India,2024-05-21
34,Nisha Patel,Bengaluru,India,2024-03-30
35,Rohan Patel,Madurai,India,2024-08-23
36,Pooja Patel,Pune,India,2025-01-09
37,Sanjay Patel,Hyderabad,India,2024-03-05
38,Kavya Patel,Ahmedabad,India,2024-11-28
39,Manoj Patel,Kochi,India,2025-03-13
40,Divya Patel,Mumbai,India,2024-04-17
41,Aarav Kumar,Chennai,India,2024-04-07
42,Aisha Kumar,Coimbatore,India,2024-05-31
43,Arjun Kumar,Delhi,India,2024-04-24
44,Ananya Kumar,Bengaluru,India,2024-02-04
45,Aditya Kumar,Madurai,India,2024-07-04
46,Diya Kumar,Pune,India,2024-03-31
47,Ishaan Kumar,Hyderabad,India,2024-11-15
48,Meera Kumar,Ahmedabad,India,2024-05-06
49,Rahul Kumar,Kochi,India,2024-08-08
50,Priya Kumar,Mumbai,India,2025-03-28
51,Vikram Kumar,Chennai,India,2024-12-07
52,Sneha Kumar,Coimbatore,India,2024-07-07
53,Karthik Kumar,Delhi,India,2024-10-10
54,Nisha Kumar,Bengaluru,India,2024-05-20
55,Rohan Kumar,Madurai,India,2024-11-15
56,Pooja Kumar,Pune,India,2024-12-21
57,Sanjay Kumar,Hyderabad,India,2024-02-20
58,Kavya Kumar,Ahmedabad,India,2024-05-18
59,Manoj Kumar,Kochi,India,2024-10-01
60,Divya Kumar,Mumbai,India,2024-03-12
61,Aarav Singh,Chennai,India,2024-10-03
62,Aisha Singh,Coimbatore,India,2024-07-24
63,Arjun Singh,Delhi,India,2024-07-10
64,Ananya Singh,Bengaluru,India,2024-10-09
65,Aditya Singh,Madurai,India,2024-03-23
66,Diya Singh,Pune,India,2024-03-07
67,Ishaan Singh,Hyderabad,India,2024-12-01
68,Meera Singh,Ahmedabad,India,2024-04-09
69,Rahul Singh,Kochi,India,2025-01-17
70,Priya Singh,Mumbai,India,2024-01-18
71,Vikram Singh,Chennai,India,2024-12-01
72,Sneha Singh,Coimbatore,India,2025-05-02
73,Karthik Singh,Delhi,India,2024-01-21
74,Nisha Singh,Bengaluru,India,2024-04-23
75,Rohan Singh,Madurai,India,2024-12-30
76,Pooja Singh,Pune,India,2025-05-05
77,Sanjay Singh,Hyderabad,India,2024-10-23
78,Kavya Singh,Ahmedabad,India,2024-07-08
79,Manoj Singh,Kochi,India,2024-05-15
80,Divya Singh,Mumbai,India,2024-11-20
81,Aarav Iyer,Chennai,India,2024-10-04
82,Aisha Iyer,Coimbatore,India,2024-11-09
83,Arjun Iyer,Delhi,India,2024-12-11
84,Ananya Iyer,Bengaluru,India,2025-10-03
85,Aditya Iyer,Madurai,India,2025-03-03
86,Diya Iyer,Pune,India,2024-11-12
87,Ishaan Iyer,Hyderabad,India,2024-07-19
88,Meera Iyer,Ahmedabad,India,2024-06-11
89,Rahul Iyer,Kochi,India,2024-03-08
90,Priya Iyer,Mumbai,India,2024-05-03
91,Vikram Iyer,Chennai,India,2024-02-21
92,Sneha Iyer,Coimbatore,India,2025-02-20
93,Karthik Iyer,Delhi,India,2024-05-02
94,Nisha Iyer,Bengaluru,India,2024-08-16
95,Rohan Iyer,Madurai,India,2025-01-01
96,Pooja Iyer,Pune,India,2024-09-15
97,Sanjay Iyer,Hyderabad,India,2024-05-13
98,Kavya Iyer,Ahmedabad,India,2024-04-19
99,Manoj Iyer,Kochi,India,2024-06-08
100,Divya Iyer,Mumbai,India,2024-10-26
