order_id,product_id,quantity
1,45,2
2,42,3
3,40,3
4,24,1
4,42,4
4,25,1
5,12,1
5,13,1
5,30,1
6,16,1
6,4,1
6,18,3
6,23,1
7,16,4
7,1,1
8,44,2
8,35,1
8,5,3
8,26,1
9,14,1
9,12,1
9,38,3
10,39,3
10,41,2
11,10,2
11,23,4
11,38,1
11,49,4
12,43,2
13,3,2
13,45,3
13,7,2
13,23,1
14,47,4
15,10,1
16,33,2
16,37,3
16,15,3
16,34,2
17,2,4
18,35,2
18,15,3
19,32,1
19,23,1
19,1,4
20,50,1
20,14,4
20,39,2
21,38,2
21,4,3
21,23,2
21,16,1
22,36,1
22,48,4
22,34,3
23,35,1
24,36,3
24,26,4
25,4,1
25,39,2
25,3,3
26,24,4
27,4,2
28,31,4
28,37,2
28,2,1
28,20,2
29,9,3
30,41,2
30,18,1
31,3,4
31,17,1
32,16,4
32,23,1
32,44,1
32,39,3
33,31,1
34,4,1
34,5,4
34,12,3
35,49,1
35,33,3
36,34,1
36,48,4
36,24,3
37,1,3
37,35,3
38,13,1
38,40,4
38,36,1
38,25,4
39,50,2
39,43,2
39,8,1
40,2,1
40,28,3
40,13,4
41,13,1
41,28,3
42,29,4
43,37,3
43,16,3
43,47,3
44,21,1
44,5,4
44,1,1
44,40,3
45,9,4
45,36,4
46,8,2
46,33,3
46,43,1
47,14,1
47,17,4
47,42,2
47,4,3
48,7,4
49,23,2
49,47,1
49,10,2
49,33,1
50,7,3
51,26,1
51,5,1
52,13,1
52,47,2
53,16,3
53,33,4
53,45,4
54,7,3
54,6,2
55,14,4
55,41,2
56,6,3
56,49,2
57,47,1
57,25,2
58,40,1
58,5,1
58,16,1
58,48,1
59,15,2
59,1,1
59,4,1
60,10,2
60,49,4
61,7,2
61,47,3
62,33,3
63,35,2
63,28,2
63,50,3
64,17,4
65,32,3
66,50,1
66,2,1
67,10,4
68,7,1
68,2,1
68,31,2
69,18,3
69,32,3
70,25,2
70,12,4
70,24,4
71,24,1
71,43,1
72,16,3
72,23,2
72,22,1
72,13,4
73,11,1
74,17,1
74,30,4
75,40,2
75,45,1
75,26,1
75,27,3
76,40,4
76,49,2
76,5,4
76,48,3
77,41,3
78,47,4
78,10,4
78,42,3
79,48,3
79,11,1
79,4,1
80,23,2
81,18,2
82,41,3
82,44,1
82,28,2
83,19,3
83,8,3
83,40,2
84,40,4
84,7,2
84,39,2
85,26,1
85,6,2
85,45,2
85,2,2
86,27,1
86,25,3
86,46,4
87,18,3
87,9,4
88,35,3
88,16,2
88,7,3
89,19,1
89,7,4
90,43,2
90,50,3
90,2,3
91,30,4
91,1,3
92,48,2
92,15,1
93,28,3
93,45,4
93,23,3
93,33,4
94,22,3
94,7,1
94,25,4
94,14,3
95,13,3
96,4,2
96,41,3
96,37,4
96,44,1
97,41,1
97,27,4
97,22,4
98,20,1
98,19,4
98,25,3
98,13,4
99,28,3
100,15,2
100,3,3
100,24,1
101,43,2
101,34,2
101,4,3
101,3,1
102,8,3
102,17,3
103,44,4
104,45,1
104,21,3
104,42,4
105,4,2
105,37,2
105,12,2
105,22,2
106,30,3
107,39,1
107,13,1
108,44,3
108,8,4
108,18,2
108,5,2
109,41,1
109,39,1
109,2,1
109,34,4
110,47,1
110,15,1
110,38,1
111,40,2
111,24,3
111,13,4
111,22,1
112,20,4
112,16,4
112,4,2
112,30,3
113,28,2
113,39,2
114,22,4
114,34,1
114,41,4
115,15,2
115,28,3
116,42,4
117,35,3
117,27,2
117,10,3
118,30,4
118,10,4
118,15,3
118,25,3
119,7,1
119,29,3
120,37,4
120,20,2
120,17,4
121,19,3
121,31,1
121,1,3
122,24,2
122,41,2
122,22,3
123,34,4
123,50,4
123,7,4
123,29,4
124,41,4
124,4,3
124,9,3
125,6,4
125,42,3
125,49,4
126,34,1
126,6,2
127,24,2
127,49,1
127,46,1
127,3,3
128,31,3
128,39,4
128,15,1
129,16,2
130,45,2
130,49,3
130,35,2
130,27,2
131,50,1
131,48,1
132,32,3
132,22,2
132,28,2
132,42,1
133,47,3
133,45,3
133,24,3
133,27,3
134,45,4
134,50,2
134,4,4
135,1,1
135,24,4
135,41,4
135,29,1
136,16,4
137,14,2
137,17,1
138,13,4
138,36,3
138,38,4
138,20,3
139,37,4
139,29,4
140,19,2
140,47,2
140,25,4
140,6,1
141,41,1
141,12,2
142,24,4
143,45,1
143,37,2
143,42,3
144,7,3
144,13,4
145,23,4
146,8,2
146,13,1
146,25,2
146,1,3
147,17,1
147,26,4
148,35,4
148,29,2
148,23,2
148,28,4
149,13,1
149,30,4
149,14,2
150,28,3
150,17,4
150,39,3
151,10,1
152,38,4
153,29,2
153,21,1
153,38,3
154,4,2
154,41,3
154,11,1
154,13,1
155,9,2
155,31,1
155,3,2
155,22,2
156,22,4
157,11,4
157,14,2
157,50,4
157,46,1
158,8,3
158,44,1
158,21,1
159,46,4
160,44,2
160,13,1
161,17,2
161,21,1
162,18,3
162,45,2
162,29,1
162,6,2
163,38,2
163,19,2
163,44,4
163,48,1
164,37,1
165,50,2
166,5,3
166,24,2
166,10,2
167,30,3
167,20,3
167,29,1
167,18,4
168,50,2
168,12,3
168,37,1
169,50,3
169,2,4
170,13,2
171,34,1
171,27,3
171,48,2
172,34,4
173,44,4
173,37,1
174,46,4
174,48,2
174,29,3
174,38,2
175,24,3
175,29,3
175,45,4
175,39,1
176,36,4
176,41,4
177,36,4
177,12,1
177,28,4
177,29,2
178,46,4
178,29,1
178,32,2
179,36,4
179,48,2
180,10,4
180,23,3
180,11,1
181,6,3
182,13,4
183,29,3
183,15,4
183,36,2
183,11,1
184,18,2
184,19,1
184,30,4
184,23,1
185,8,4
186,21,2
186,17,1
187,21,1
187,42,3
187,3,2
187,39,3
188,46,3
188,49,4
188,19,2
189,36,4
189,24,1
189,17,4
189,25,3
190,25,4
191,21,2
191,46,3
192,49,4
192,45,2
192,10,3
193,11,1
193,35,4
193,1,1
194,29,1
195,27,2
195,32,1
195,25,2
196,1,2
197,4,2
198,14,2
198,2,3
198,9,4
199,30,3
199,46,4
199,13,1
200,36,4
200,4,2
200,27,1
200,11,2
201,35,4
202,32,1
202,21,3
202,37,3
202,30,2
203,7,4
203,49,3
203,14,3
204,21,3
204,23,2
204,32,2
205,4,3
205,22,4
206,39,4
207,14,4
207,18,3
208,31,4
208,4,3
208,32,2
209,35,2
209,26,3
209,31,2
210,46,2
210,14,3
210,19,2
211,19,4
212,22,3
213,21,1
213,1,4
213,4,3
214,18,1
215,16,3
215,14,3
215,29,2
215,27,1
216,11,1
216,42,4
217,30,4
218,1,1
218,11,1
218,20,4
219,18,4
219,36,2
220,23,1
220,43,3
220,15,4
221,43,4
222,26,3
222,20,3
222,13,3
222,8,4
223,16,1
223,37,3
223,30,1
223,45,2
224,37,4
225,34,1
225,26,4
225,6,2
225,12,4
226,41,1
226,34,2
226,27,4
227,19,3
227,28,4
227,20,3
227,14,2
228,25,4
228,22,1
228,38,2
229,4,2
229,46,3
230,27,3
231,5,3
231,46,1
231,7,3
231,49,3
232,31,2
233,14,2
234,33,2
234,15,4
235,18,1
236,40,1
236,9,4
236,17,2
236,10,1
237,43,1
237,5,2
237,44,2
238,46,3
238,37,1
238,36,4
238,30,1
239,3,1
239,20,1
239,32,3
239,6,4
240,18,1
240,46,2
241,8,2
241,33,1
242,32,4
243,49,3
243,7,1
243,27,3
244,46,1
245,7,2
245,34,1
245,25,3
246,30,1
246,3,1
247,4,1
247,11,1
248,50,4
248,4,4
249,21,1
249,36,1
249,26,1
249,5,3
250,43,2
251,17,2
251,10,2
251,7,4
252,12,2
252,27,4
252,20,1
252,15,2
253,13,3
254,50,1
254,13,4
255,29,3
255,21,2
255,3,4
256,5,3
256,48,4
257,50,1
258,16,3
258,22,4
259,47,3
259,22,3
260,24,1
260,46,2
260,32,4
261,27,2
261,41,3
261,11,2
262,26,3
262,40,4
262,19,3
262,3,1
263,25,3
263,45,1
263,37,2
264,19,3
264,17,2
265,9,4
265,49,2
265,28,4
265,33,1
266,48,2
266,16,2
267,47,3
267,37,1
267,23,1
267,36,1
268,31,1
268,14,4
268,37,2
268,35,2
269,21,1
269,50,4
269,29,2
270,32,1
270,22,1
271,19,1
271,17,2
271,22,2
271,9,3
272,15,3
272,2,1
272,44,2
272,27,1
273,42,1
273,37,1
273,29,1
274,30,3
274,11,2
275,22,3
275,45,2
275,25,3
276,15,3
276,16,1
277,34,2
277,36,2
277,3,3
277,30,4
278,30,4
278,25,3
278,37,2
278,17,4
279,15,3
279,24,4
279,26,2
279,36,2
280,31,1
280,49,3
281,23,4
281,40,3
281,27,1
281,26,2
282,26,1
283,7,4
283,17,4
283,1,3
284,40,3
285,1,1
285,27,1
286,24,2
286,26,1
287,5,3
288,50,2
288,49,2
288,4,2
288,21,2
289,28,1
289,1,1
289,3,3
290,12,3
290,11,3
291,44,2
291,26,1
292,36,2
292,13,2
292,2,3
293,49,2
293,44,4
293,23,2
294,40,3
294,35,2
295,27,4
295,47,1
295,49,3
296,6,4
296,35,4
296,18,3
296,43,1
297,48,2
297,4,3
297,7,4
297,9,3
298,41,4
298,45,1
298,14,1
299,9,4
299,6,4
299,32,1
299,44,1
300,37,1
300,2,3
300,46,1
301,22,1
301,37,2
301,11,1
302,13,3
302,6,1
303,5,3
304,4,2
304,10,3
305,16,3
305,9,2
306,42,3
306,8,4
307,29,2
307,44,2
307,9,3
308,33,1
308,37,3
308,23,1
308,2,2
309,44,3
309,40,3
310,39,2
310,31,2
310,50,3
311,35,2
311,14,1
311,21,4
312,31,4
313,15,1
313,17,1
314,27,3
314,1,1
315,27,3
315,2,4
315,23,3
315,26,4
316,14,4
316,26,3
317,25,3
317,22,4
317,16,1
318,50,4
318,48,1
318,49,1
318,24,4
319,26,2
320,44,4
320,41,2
320,30,1
320,15,3
321,47,4
321,2,1
321,44,3
321,7,4
322,10,4
322,5,3
322,13,3
322,29,4
323,11,1
323,20,3
324,34,1
324,42,4
324,26,2
324,15,2
325,1,1
325,7,2
325,10,4
326,31,2
326,1,4
326,2,4
326,27,2
327,23,3
328,46,1
328,41,4
329,46,3
329,29,1
329,19,4
329,41,1
330,26,1
330,1,4
330,16,4
330,3,1
331,16,1
331,46,4
331,4,3
332,13,1
333,39,1
333,2,1
333,26,3
333,30,3
334,12,3
335,47,4
335,17,3
335,50,3
336,28,4
336,41,1
337,32,1
337,3,3
337,29,4
338,25,1
338,16,4
338,50,3
338,35,4
339,43,1
339,48,2
339,50,2
340,36,4
340,8,1
340,28,2
340,22,3
341,9,4
342,11,1
342,9,3
342,22,4
343,2,4
344,16,2
344,15,1
344,38,4
345,16,4
345,44,3
345,25,1
346,10,3
346,26,1
346,7,3
347,18,3
348,10,4
348,31,2
349,43,4
350,38,3
350,39,2
350,49,4
351,45,4
351,30,2
352,19,1
352,44,2
353,32,3
353,3,1
354,32,2
355,46,3
355,27,3
355,47,2
355,37,2
356,26,2
356,31,3
356,9,2
357,27,1
357,10,1
358,15,1
359,39,3
359,45,3
359,15,1
359,41,3
360,12,2
360,39,1
360,16,2
360,19,2
361,44,3
362,23,2
362,27,2
362,6,3
362,45,3
363,7,4
364,47,2
364,30,3
364,33,1
365,34,3
365,8,2
366,36,4
367,50,1
367,21,4
367,33,3
368,44,1
369,8,4
369,18,1
369,33,1
370,1,2
370,14,1
370,33,3
370,44,2
371,12,4
371,44,2
371,33,2
372,36,3
372,39,2
372,42,2
372,30,4
373,6,4
374,38,3
374,27,4
375,48,2
375,37,4
375,6,2
375,10,1
376,43,4
376,11,2
377,34,2
378,23,4
378,1,2
378,38,4
378,30,1
379,7,4
379,38,3
380,43,1
380,49,2
380,42,3
380,25,2
381,30,3
381,50,2
381,38,4
381,15,4
382,2,4
382,20,3
382,40,4
382,36,1
383,26,4
383,38,2
383,32,3
383,33,3
384,5,1
385,43,2
385,36,4
385,21,1
386,2,2
387,18,4
387,24,1
387,33,2
387,8,1
388,14,3
388,11,1
388,23,1
389,18,1
389,34,3
390,20,3
390,36,4
390,25,4
390,37,1
391,14,4
392,8,1
392,5,3
392,28,3
392,34,4
393,25,1
393,15,3
393,5,2
394,43,2
394,42,4
395,30,3
395,41,4
395,24,4
395,4,4
396,48,1
396,50,3
396,34,2
397,10,2
397,31,4
397,4,3
397,45,1
398,21,1
399,49,4
400,11,2
400,10,1
401,32,4
401,23,3
402,35,4
402,32,4
402,18,1
402,49,3
403,6,4
404,44,2
405,4,2
405,34,4
406,28,1
406,15,2
407,33,1
407,27,3
407,22,4
408,26,2
408,49,4
408,45,4
408,31,2
409,9,2
409,10,2
410,23,3
411,27,3
411,14,4
412,43,2
413,35,1
414,49,1
415,7,2
415,1,1
415,10,2
416,28,4
416,50,1
417,38,2
418,42,3
418,22,1
418,10,3
418,28,2
419,6,2
419,20,1
419,44,2
419,41,3
420,9,1
420,23,2
420,20,3
420,44,4
421,35,2
421,16,2
421,43,4
421,19,1
422,2,2
422,33,1
422,34,3
422,14,1
423,50,2
423,47,3
423,35,4
423,42,4
424,2,2
424,18,2
425,42,1
425,39,2
426,12,2
426,21,2
426,37,2
427,9,3
427,21,4
427,20,4
428,50,4
428,48,2
429,43,3
429,18,2
429,7,2
429,13,1
430,18,2
431,31,3
431,22,1
431,13,1
431,12,4
432,30,3
432,21,2
433,21,2
434,28,3
435,48,1
435,31,4
436,41,2
436,35,1
437,21,4
437,9,1
437,38,2
438,12,4
438,46,3
438,44,1
439,18,1
440,30,1
440,32,1
441,19,3
441,39,1
442,2,3
443,31,4
443,29,4
444,47,1
445,27,1
446,10,4
446,25,1
447,21,1
447,23,4
447,32,4
448,25,2
448,44,4
449,24,1
449,22,3
449,34,3
449,8,1
450,3,3
450,33,1
450,35,1
451,47,1
451,1,2
452,23,2
452,5,4
453,27,4
453,16,1
453,33,3
454,48,1
454,50,2
455,7,2
455,18,2
455,36,4
456,38,2
457,25,2
457,12,2
457,16,3
457,45,4
458,28,2
458,22,1
458,37,2
459,24,3
459,41,1
460,30,2
460,36,2
461,9,3
461,26,2
461,11,4
462,2,3
462,1,3
462,21,4
463,28,2
463,44,2
463,18,3
464,50,2
464,35,2
465,9,1
465,47,3
465,21,1
465,43,2
466,35,3
467,9,1
467,17,2
467,34,1
468,8,3
468,6,2
468,40,3
468,1,2
469,1,3
469,20,1
470,33,2
471,38,4
472,11,2
473,16,1
473,40,1
473,4,4
474,32,3
474,23,2
474,34,4
475,15,4
475,44,4
475,6,3
476,29,4
476,15,3
476,20,2
476,6,2
477,35,3
477,26,3
477,12,2
478,11,2
478,39,4
478,29,2
479,8,2
479,46,2
479,30,3
480,50,2
480,41,3
480,49,4
480,6,2
481,50,2
482,27,3
482,22,3
483,25,1
484,50,3
485,35,3
485,43,2
485,40,4
486,45,4
487,36,4
488,44,3
488,26,2
488,17,1
489,6,4
489,2,2
489,23,1
489,11,4
490,37,3
490,6,4
491,21,4
492,33,2
492,9,3
493,10,2
493,23,2
493,32,3
493,18,2
494,26,3
494,38,3
495,32,2
495,48,4
495,13,3
495,24,4
496,10,1
496,26,1
496,20,3
497,48,1
497,27,3
497,46,2
498,32,3
498,35,3
498,38,1
498,33,4
499,30,1
499,12,1
499,46,2
499,11,3
500,8,2
500,36,3
500,11,1
501,12,2
502,1,2
503,16,3
504,31,3
505,40,3
505,4,4
505,31,4
506,20,1
506,3,4
506,21,4
507,45,4
507,6,1
508,40,1
508,9,2
508,15,3
509,10,1
509,27,2
509,11,1
510,42,2
510,14,2
511,16,4
511,29,2
511,12,4
512,31,1
512,28,3
513,32,1
513,38,3
513,13,2
514,38,4
514,34,2
514,33,1
515,31,3
516,11,4
517,4,3
517,10,4
517,37,2
518,48,3
518,30,4
519,42,2
519,27,3
520,32,4
520,17,2
521,16,3
521,37,1
522,1,4
523,39,1
523,4,2
523,27,4
523,3,4
524,29,4
525,7,3
525,12,2
525,11,2
525,36,1
526,50,3
527,41,4
528,31,2
528,41,3
528,49,4
528,8,1
529,14,3
529,27,3
529,40,4
530,28,1
530,3,4
530,25,2
531,8,2
531,11,3
532,18,2
532,20,2
532,30,2
532,2,2
533,23,4
534,49,2
534,31,2
534,29,1
535,18,4
536,21,2
536,41,2
536,9,1
537,4,3
537,44,4
537,21,4
537,26,2
538,38,1
538,20,4
538,42,1
538,1,3
539,35,4
540,41,3
540,30,4
540,49,2
541,2,1
541,43,2
541,31,4
542,42,2
543,42,2
543,25,3
543,34,4
544,45,3
544,6,4
544,5,4
544,16,4
545,21,3
546,28,2
546,16,3
546,30,4
547,33,1
547,28,4
547,3,4
548,9,3
548,47,1
548,15,2
549,18,3
549,44,3
550,12,1
551,36,3
551,17,2
551,11,3
551,42,4
552,17,1
552,50,4
553,44,1
553,39,1
553,23,4
553,29,2
554,4,2
554,11,2
554,5,3
555,4,4
555,23,2
555,15,4
556,7,2
556,21,3
556,43,3
557,38,1
557,15,4
558,32,3
558,36,3
559,3,1
559,37,3
559,45,1
559,9,1
560,47,2
560,23,3
560,26,1
561,34,2
562,7,4
563,2,2
563,37,4
564,29,1
564,38,3
565,34,1
565,9,4
565,6,3
566,14,4
566,18,1
567,35,1
567,13,2
567,48,2
568,33,4
568,9,1
569,8,3
569,46,1
570,22,2
570,42,2
570,13,3
570,8,2
571,19,3
572,17,2
573,7,2
574,18,3
575,22,4
575,5,1
575,6,1
575,21,1
576,5,4
576,10,4
577,46,1
578,17,3
578,21,3
579,20,2
579,10,3
579,35,3
580,49,1
580,7,2
581,44,2
581,48,1
581,13,3
581,23,1
582,24,2
582,40,2
582,5,1
583,29,2
583,21,4
583,37,2
583,44,3
584,50,3
585,21,4
585,29,4
586,18,1
586,37,4
586,3,1
586,13,2
587,47,3
587,33,4
588,41,4
588,20,3
588,19,3
588,50,1
589,38,4
589,48,4
589,36,1
590,47,1
590,10,1
591,29,2
591,16,3
591,27,2
591,42,3
592,47,4
592,19,3
592,33,1
592,39,2
593,41,3
593,5,1
594,27,1
594,37,2
594,36,3
595,50,3
596,48,2
596,10,2
597,49,2
597,13,2
598,34,1
598,7,1
598,17,4
599,21,4
600,25,3
600,5,4
601,8,3
601,2,2
601,17,4
601,49,4
602,8,4
602,18,2
603,13,2
603,23,2
603,14,4
604,35,2
604,37,4
605,14,4
606,35,4
606,3,3
607,19,3
607,15,4
607,41,3
608,34,4
609,24,4
610,37,3
610,27,3
611,15,3
611,32,2
611,43,2
611,46,4
612,2,4
612,32,1
613,24,2
613,44,4
613,43,1
613,22,4
614,16,3
615,25,4
616,2,2
616,4,2
616,29,3
616,30,3
617,11,3
618,10,1
618,11,2
618,40,1
618,35,1
619,10,4
619,32,1
619,50,3
619,5,2
620,49,2
620,41,1
621,21,2
621,31,2
622,35,1
622,19,3
623,13,1
623,32,1
623,10,3
624,26,1
624,36,1
625,41,3
625,45,2
625,11,3
625,25,1
626,24,1
626,35,4
626,15,2
627,3,2
628,48,4
628,24,4
628,19,1
628,39,3
629,41,1
629,15,2
629,45,1
629,33,2
630,16,3
630,19,4
630,31,2
630,21,1
631,48,4
632,4,1
633,40,1
633,8,3
634,24,1
634,48,4
635,18,3
635,37,2
636,1,1
637,45,4
637,37,3
637,25,3
638,9,1
639,7,3
639,10,3
639,21,1
640,6,4
641,3,4
641,15,2
641,16,1
642,19,3
642,25,4
642,33,4
642,5,1
643,3,3
643,7,3
643,47,3
643,33,4
644,20,1
644,2,4
644,1,2
644,5,4
645,42,3
645,8,2
645,32,4
645,40,3
646,16,4
646,12,4
646,41,2
646,24,2
647,2,3
648,42,3
648,9,3
649,24,3
650,27,1
650,43,1
651,20,1
651,44,3
652,5,1
652,34,2
653,6,3
653,18,1
653,16,2
654,23,1
655,32,1
655,23,2
655,28,2
656,3,2
656,14,1
656,43,1
657,48,4
658,35,2
658,24,2
658,17,4
658,43,2
659,22,1
659,11,1
659,31,4
659,15,3
660,22,3
660,1,3
660,30,2
661,49,3
662,37,2
662,7,4
662,33,1
663,31,1
663,18,3
664,50,3
664,44,2
665,15,2
665,33,4
666,32,2
666,18,1
667,37,3
667,44,1
667,31,3
667,13,4
668,8,4
669,35,3
670,50,1
670,43,1
671,50,3
672,42,3
672,12,3
672,37,2
673,16,2
673,47,4
673,36,1
674,4,3
674,29,2
674,15,2
675,30,4
675,38,3
675,14,1
676,2,3
676,33,3
676,45,2
677,25,3
677,4,3
677,20,2
677,15,3
678,3,2
679,27,1
679,22,2
679,15,3
680,45,1
680,14,2
680,22,1
680,32,4
681,32,3
681,4,3
681,29,1
681,48,3
682,1,1
682,18,1
682,43,3
682,30,2
683,22,3
684,49,2
685,4,4
686,21,3
687,36,1
687,13,3
687,6,1
688,7,4
688,40,1
689,14,1
689,32,4
690,50,1
690,40,4
690,4,4
691,23,3
692,19,1
692,18,3
692,10,4
693,8,3
693,38,1
693,40,2
693,7,3
694,7,1
695,50,3
696,13,4
696,29,3
696,18,3
696,44,4
697,28,3
697,31,4
697,18,3
698,50,3
699,20,4
699,37,4
700,18,4
700,43,2
700,9,4
701,38,1
702,39,2
702,48,3
702,10,1
703,13,3
704,9,1
704,38,1
704,42,3
705,3,1
705,32,4
705,29,1
705,41,4
706,26,4
706,32,4
706,5,1
706,21,3
707,45,4
707,27,4
707,38,3
708,5,1
708,10,4
708,20,1
709,49,1
710,17,3
710,4,4
710,37,4
711,43,4
711,38,2
711,37,2
711,33,1
712,45,3
712,30,4
713,36,3
713,24,1
713,8,4
713,48,1
714,36,3
714,12,4
715,44,1
715,35,4
715,15,4
715,18,2
716,12,4
716,3,2
716,47,4
716,2,1
717,17,3
718,8,3
719,12,1
719,22,3
720,13,4
721,37,4
721,18,2
722,20,3
722,47,2
722,18,4
723,40,1
723,49,4
723,8,3
724,19,3
724,11,3
725,18,2
725,27,4
725,37,4
726,23,3
726,44,4
726,9,4
726,7,4
727,39,3
727,37,2
727,49,1
727,24,1
728,45,4
729,32,3
730,30,2
730,26,4
730,45,2
731,29,2
731,37,3
731,33,4
731,38,3
732,40,4
732,18,1
732,4,3
732,17,3
733,35,1
733,27,2
733,25,2
734,17,2
735,21,2
735,26,4
736,6,2
736,36,2
737,8,3
737,24,1
738,26,2
738,50,3
739,15,1
739,50,1
739,40,4
739,17,4
740,43,4
740,24,2
740,4,3
740,25,2
741,24,3
741,8,4
741,28,4
742,36,1
743,33,4
743,49,2
743,37,2
743,43,1
744,40,2
744,30,3
744,42,4
745,24,1
745,31,2
746,34,2
746,36,2
746,50,4
747,7,1
747,36,1
748,15,2
748,31,1
748,28,1
749,6,2
750,9,4
750,22,2
750,30,1
751,12,4
751,11,3
752,3,1
752,19,3
752,17,4
752,24,4
753,6,4
754,26,3
754,28,4
754,16,2
754,27,1
755,43,2
756,47,1
756,3,3
756,11,1
757,38,1
757,23,3
757,40,3
757,14,2
758,29,3
758,48,2
758,35,3
758,7,2
759,29,4
759,32,4
759,40,1
760,27,1
760,24,1
761,16,1
761,40,3
761,15,4
762,32,1
762,44,4
762,40,3
763,43,2
764,14,1
764,5,1
764,12,3
765,32,4
765,33,1
766,30,4
766,40,4
766,31,1
767,9,3
767,13,3
768,38,1
768,18,2
768,33,3
769,41,2
769,3,1
770,27,3
770,5,2
770,39,2
771,50,4
771,8,3
771,1,1
771,4,1
772,39,1
773,18,4
773,32,2
774,20,3
774,3,2
775,47,2
775,9,4
775,12,1
775,34,1
776,7,4
776,44,3
776,25,2
777,19,2
777,33,2
777,34,3
778,45,4
778,6,2
778,32,4
778,24,4
779,5,4
779,39,1
779,19,4
780,26,1
780,41,1
781,8,1
781,28,2
781,49,3
782,42,4
782,48,2
782,19,4
783,9,3
783,34,1
783,45,4
783,1,1
784,41,3
784,26,4
785,48,3
785,26,1
786,42,4
786,7,1
786,43,3
787,29,4
788,9,2
789,23,1
789,3,2
790,46,4
791,43,1
791,24,2
792,22,4
792,11,1
792,41,4
793,39,2
793,49,3
793,27,1
793,48,2
794,22,2
794,26,1
795,42,1
795,39,2
795,3,1
796,28,3
796,32,3
796,7,4
796,12,2
797,47,4
797,8,2
798,15,3
798,24,1
798,40,2
798,41,4
799,3,2
800,2,1
801,41,1
802,34,1
802,33,1
802,31,4
803,10,1
804,6,3
805,4,3
805,47,2
805,5,1
806,43,2
807,37,3
808,3,1
809,31,1
810,37,1
810,9,1
810,48,3
811,32,2
812,27,3
813,43,3
813,27,2
813,10,4
814,7,3
814,1,3
814,48,1
814,12,3
815,14,4
815,24,3
816,39,2
816,4,3
817,27,4
818,12,3
818,1,2
819,35,1
820,4,2
820,49,3
821,49,1
822,6,2
822,50,3
822,26,2
822,2,2
823,42,2
823,17,4
824,43,3
824,50,1
824,10,4
825,40,1
826,32,3
826,14,3
827,37,3
827,38,4
828,37,4
828,15,2
828,35,4
828,40,2
829,5,3
830,3,1
830,26,2
831,1,3
831,8,2
831,34,4
831,29,4
832,31,2
832,37,1
832,30,3
833,22,4
833,48,2
833,20,4
834,12,3
834,50,3
835,48,2
835,19,1
836,49,3
837,40,3
837,31,1
838,37,1
839,7,3
839,36,1
839,13,4
840,7,4
841,27,2
842,21,4
842,3,2
842,6,4
842,24,4
843,26,2
844,28,1
844,16,2
845,43,3
846,4,4
846,20,1
847,43,3
848,25,3
849,19,4
849,32,1
850,8,2
850,34,3
851,27,2
851,10,2
852,3,3
852,28,1
852,14,4
852,11,2
853,16,1
854,22,4
854,23,4
855,48,1
855,41,2
856,5,2
856,4,4
857,5,3
857,25,1
857,42,1
858,2,1
858,9,1
859,5,2
859,47,3
859,13,1
860,42,1
860,9,2
861,18,4
861,16,3
862,47,1
862,41,1
862,32,4
862,6,2
863,33,1
864,37,2
864,35,4
865,4,1
866,9,1
866,23,3
866,2,3
866,50,4
867,4,1
868,34,3
868,36,3
869,38,2
870,20,4
871,20,4
871,13,4
871,38,1
872,25,2
872,38,2
872,11,4
873,35,4
873,45,4
873,47,3
874,6,4
875,40,4
875,47,2
876,41,4
876,48,2
877,29,1
877,25,3
877,17,2
877,8,4
878,18,1
879,8,4
879,42,4
879,17,1
880,35,1
881,4,2
881,27,3
881,18,3
882,12,3
882,19,3
882,11,2
882,37,1
883,14,2
883,29,2
883,40,1
883,36,4
884,24,4
884,25,3
885,21,3
885,18,3
885,29,3
885,13,4
886,44,4
886,43,3
886,17,4
886,5,4
887,26,3
887,36,3
888,46,4
888,37,2
888,30,4
888,6,2
889,17,1
889,22,3
890,23,2
890,28,1
890,7,4
890,18,4
891,12,1
891,22,3
891,31,2
891,17,4
892,3,2
892,16,3
893,14,2
893,19,2
893,11,4
893,31,2
894,34,2
894,44,4
894,7,3
895,10,4
896,14,2
896,8,1
896,7,2
897,28,3
898,19,2
898,10,4
898,15,2
898,7,1
899,28,3
900,8,3
900,16,1
900,11,1
900,42,1
901,48,3
901,6,1
901,31,1
902,1,3
902,20,2
903,47,4
903,27,1
904,23,2
905,6,4
906,34,3
906,18,3
906,6,2
907,2,2
907,45,1
907,13,2
907,4,4
908,47,2
909,22,3
909,6,3
909,16,3
910,6,2
910,26,4
911,12,4
911,28,4
911,25,4
911,37,4
912,1,1
913,35,3
914,35,4
914,1,1
915,3,2
915,15,2
916,13,3
916,34,3
917,5,3
917,37,1
918,12,3
918,45,3
918,8,2
919,28,2
920,17,4
920,12,4
920,37,2
920,43,1
921,37,1
921,35,1
921,49,1
922,21,3
922,25,4
922,13,1
922,38,2
923,41,4
923,39,2
923,37,1
923,1,3
924,2,2
924,14,2
925,43,2
925,32,4
925,17,1
926,33,2
927,10,1
927,24,3
928,17,3
928,4,4
928,44,4
929,45,3
929,48,4
929,10,3
929,2,4
930,8,1
930,9,1
930,39,2
930,1,3
931,32,2
931,38,1
931,44,4
932,23,2
933,46,1
934,18,1
935,14,1
935,2,2
935,15,2
935,9,2
936,15,1
936,3,2
936,34,1
936,38,4
937,25,4
937,2,1
937,47,1
938,47,3
939,33,1
939,13,1
939,4,3
940,37,4
941,44,1
941,15,1
942,40,4
942,8,3
942,4,1
942,44,3
943,7,1
943,32,3
943,23,4
943,12,3
944,46,3
944,35,4
945,31,3
945,30,1
945,38,3
946,30,1
946,18,2
946,31,4
946,13,4
947,48,2
947,1,4
948,37,3
948,12,2
948,30,3
948,29,1
949,49,4
950,25,2
950,16,2
950,13,4
950,34,4
951,17,1
951,39,1
951,37,2
951,13,3
952,43,1
953,19,3
953,42,4
953,13,1
953,8,1
954,6,2
954,1,2
954,15,2
955,8,1
955,6,2
955,10,2
956,43,4
957,1,2
958,17,1
958,14,2
958,39,3
959,11,4
960,19,3
960,29,3
960,26,3
960,31,1
961,29,2
961,32,2
961,43,2
962,47,3
963,3,3
963,39,1
964,30,3
964,40,3
964,11,1
965,1,1
966,2,1
966,47,2
967,32,3
967,50,3
967,29,2
968,45,4
968,7,3
968,19,4
969,50,3
969,21,4
970,7,4
970,42,2
971,39,1
971,35,1
971,41,4
972,17,2
972,1,3
972,18,3
972,13,1
973,18,2
974,42,1
974,2,4
974,6,2
974,32,3
975,42,3
976,16,2
977,48,4
978,17,1
978,24,1
978,27,4
978,23,4
979,14,1
979,18,2
979,22,3
979,2,3
980,15,4
980,44,1
980,12,1
981,45,2
981,23,1
982,27,2
982,30,1
983,8,3
984,4,4
984,32,3
984,15,3
984,42,2
985,18,2
985,25,2
985,31,2
985,23,1
986,17,2
987,20,2
988,13,2
989,38,1
990,32,4
990,28,1
990,40,4
991,5,1
991,31,1
992,39,1
992,20,2
992,29,2
992,11,1
993,18,1
993,5,3
993,47,4
993,1,2
994,35,1
995,22,2
996,39,3
997,5,4
997,23,2
997,42,2
997,22,4
998,49,1
999,29,4
999,30,3
1000,33,2
1000,40,2
1000,16,2
